;Image;xMin;yMin;xMax;yMax;Class;Confidence
0;000001384.jpg;9,890329;104,693565;44,273582;139,49585;2;0,53931487
1;000000071.jpg;0,0;295,0603;236,11963;457,61212;1;0,503542
2;000000059.jpg;161,66324;404,44473;190,45729;442,0092;2;0,47904372
3;000000059.jpg;175,58505;348,48685;204,2708;385,18182;2;0,46009654
4;000000059.jpg;265,8855;172,69504;306,0974;206,14308;2;0,4519028
5;000000059.jpg;194,54225;226,84952;221,90903;267,55646;2;0,43313047
6;000000059.jpg;442,3759;438,4037;475,01886;472,05066;2;0,43045947
7;000000273.jpg;36,96123;428,23734;66,46369;466,1007;2;0,56065357
8;000001226.jpg;223,83539;157,29456;374,8506;304,25818;1;0,46198317
9;000001226.jpg;87,18472;175,5071;220,22574;313,9799;1;0,44661057
10;000000845.jpg;312,12076;146,07402;482,87448;293,64563;1;0,6785668
11;000000845.jpg;129,19275;304,30524;294,6581;455,5837;1;0,6603866
12;000000845.jpg;113,72813;172,01256;300,50702;322,14;1;0,65689754
13;000000845.jpg;103,54165;7,3117285;275,40518;161,0931;1;0,5482741
14;000000845.jpg;325,16196;299,8109;501,31058;448,86975;1;0,4917622
15;000000845.jpg;288,94104;0,0;467,86124;156,72073;1;0,4527461
16;000001030.jpg;281,88605;104,708176;428,1542;246,06119;1;0,52588254
17;000001144.jpg;157,33058;127,47581;209,59772;170,28935;2;0,4857686
18;000001144.jpg;15,601666;152,21803;63,05895;193,9982;2;0,41102338
19;000001144.jpg;13,9255495;231,70103;53,823925;272,09985;2;0,4084459
20;000000266.jpg;329,8915;50,439163;365,65622;85,25081;2;0,43872884
21;000000058.jpg;468,83395;2,9257662;496,8351;38,76259;2;0,58951825
22;000000058.jpg;447,63153;196,40718;478,9205;230,47491;2;0,56712353
23;000000058.jpg;453,65942;99,23658;485,63675;135,58766;2;0,48437092
24;000000058.jpg;341,0271;360,58234;373,75052;391,70016;2;0,4471379
25;000001387.jpg;258,9799;382,39346;296,6523;419,61142;2;0,51131606
26;000001387.jpg;257,9259;272,36847;295,8354;313,601;2;0,47696447
27;000001387.jpg;194,29953;405,58728;232,12813;444,55966;2;0,46280035
28;000001387.jpg;371,95093;375,4939;409,16995;412,77026;2;0,44757724
29;000001387.jpg;177,98572;308,365;224,29616;347,815;2;0,40884942
30;000001387.jpg;203,51309;229,51012;242,92422;271,22653;2;0,40594438
31;000001378.jpg;401,50345;398,2585;434,3136;431,62778;2;0,61040175
32;000000066.jpg;75,5343;342,46762;103,68642;380,3944;2;0,5164359
33;000000066.jpg;357,60007;466,5539;388,68976;503,53848;2;0,46958962
34;000000066.jpg;77,00644;31,474096;109,756386;72,50255;2;0,4631508
35;000000066.jpg;341,82898;104,902756;373,40308;137,018;2;0,43483555
36;000000066.jpg;79,14445;332,56976;106,83811;371,23636;2;0,41621828
37;000001608.jpg;64,73965;95,823654;101,485115;125,37583;2;0,45196196
38;000001608.jpg;29,89576;177,9108;71,256966;207,8035;2;0,4082884
39;000001608.jpg;208,1645;173,25475;249,9324;205,78902;2;0,40546417
40;000001608.jpg;56,853592;32,94323;87,16917;69,49494;2;0,4026723
41;000000310.jpg;359,57208;466,9385;400,26755;504,64993;2;0,5933123
42;000000310.jpg;445,07352;255,37227;496,82983;296,61337;2;0,58868134
43;000000310.jpg;381,95914;412,91977;421,21228;448,82166;2;0,56631076
44;000000310.jpg;4,170703;294,3759;37,701054;334,24677;2;0,5003954
45;000000310.jpg;432,82294;313,20825;470,33835;347,63843;2;0,49659473
46;000000310.jpg;286,0813;363,75204;322,6913;402,72534;2;0,4873198
47;000000310.jpg;473,44977;208,01564;511,36;245,23557;2;0,4629202
48;000000310.jpg;362,53918;182,58134;408,51483;222,63791;2;0,4216423
49;000000310.jpg;183,16805;414,65698;234,38348;459,06152;2;0,4192583
50;000000310.jpg;8,025128;230,64453;49,23242;270,97656;2;0,40897435
51;000000310.jpg;31,030157;116,188416;62,257748;158,85182;2;0,40648127
52;000001026.jpg;311,03317;288,08694;451,50067;396,595;1;0,4291894
53;000001026.jpg;318,44907;397,51898;465,86856;511,36;1;0,41185442
54;000000853.jpg;155,93498;64,74896;309,47537;208,7316;1;0,5860358
55;000000853.jpg;324,6931;195,78462;474,9814;339,5615;1;0,5221064
56;000000853.jpg;23,35207;75,40522;162,9667;222,6947;1;0,5211419
57;000000853.jpg;307,05966;48,75291;458,22275;198,19469;1;0,48961633
58;000000853.jpg;169,5891;209,06584;324,355;347,18182;1;0,46595484
59;000000853.jpg;41,717777;216,45659;175,67207;359,66895;1;0,46378884
60;000000112.jpg;314,84314;336,37402;355,7082;372,07217;2;0,5683332
61;000000112.jpg;221,71352;234,8805;271,6615;270,8581;2;0,5656871
62;000000112.jpg;205,18355;419,24832;251,65024;454,99078;2;0,528038
63;000000112.jpg;378,34497;235,89021;412,56378;272,21292;2;0,5176202
64;000000112.jpg;439,01477;383,84143;473,45142;416,49454;2;0,5152643
65;000000112.jpg;228,95338;197,08322;271,90704;231,09361;2;0,5097708
66;000000112.jpg;445,61646;326,97507;479,22186;363,22626;2;0,5049699
67;000000112.jpg;88,33688;428,15833;136,15955;462,9909;2;0,5007794
68;000000112.jpg;328,9591;222,69086;377,60602;258,38068;2;0,49042878
69;000000112.jpg;373,5439;463,3218;405,35828;497,73798;2;0,4808465
70;000000112.jpg;336,7112;172,50403;387,25122;207,895;2;0,48049927
71;000000112.jpg;104,90581;255,61888;146,6801;291,02832;2;0,47751287
72;000000112.jpg;460,5173;430,77402;489,59735;464,95657;2;0,47722772
73;000000112.jpg;207,4475;372,63098;255,55391;409,84412;2;0,47369906
74;000000112.jpg;206,17984;398,52835;252,60284;431,7619;2;0,4712014
75;000000112.jpg;335,59763;207,8311;377,71262;244,75479;2;0,46996897
76;000000112.jpg;223,61154;212,79723;273,90353;247,36064;2;0,4656573
77;000000112.jpg;206,184;386,28796;253,6479;420,51532;2;0,46268228
78;000000112.jpg;308,00784;354,9996;355,77234;388,39462;2;0,45803124
79;000000112.jpg;109,27647;223,17389;148,00436;256,84875;2;0,45440382
80;000000112.jpg;334,51923;191,92055;383,57333;226,90422;2;0,4532296
81;000000112.jpg;211,68394;362,22028;258,00854;398,99384;2;0,4509612
82;000000112.jpg;384,98663;374,52902;421,52423;413,16403;2;0,43965197
83;000000112.jpg;300,0346;398,78058;349,23553;433,51242;2;0,4361766
84;000000112.jpg;411,56653;264,67038;444,35464;307,2971;2;0,4295857
85;000000112.jpg;204,43033;433,57855;251,45569;470,30133;2;0,41510376
86;000000112.jpg;218,3822;251,8956;272,03122;287,62607;2;0,4146977
87;000000112.jpg;90,72457;376,4036;141,49945;412,4738;2;0,41300645
88;000000112.jpg;427,72113;424,8237;457,7179;458,17358;2;0,40968353
89;000000112.jpg;481,78333;345,9418;511,36;376,9072;2;0,40820983
90;000000112.jpg;334,88016;232,8137;384,4851;264,98636;2;0,40552336
91;000000112.jpg;304,78363;367,38083;355,84625;399,7566;2;0,40083697
92;000000112.jpg;326,34695;277,4624;365,82047;311,81473;2;0,40006146
93;000000106.jpg;323,6078;296,72852;362,34555;340,69095;2;0,4393313
94;000000107.jpg;379,77173;314,3866;411,04813;345,51703;2;0,6274919
95;000000107.jpg;379,5201;270,07364;411,36462;303,3019;2;0,5673598
96;000000107.jpg;452,95856;38,733658;485,006;74,282684;2;0,4754184
97;000000107.jpg;281,2257;278,9332;311,77725;312,42966;2;0,4266714
98;000000852.jpg;18,00048;95,01665;183,71332;243,38521;1;0,6392336
99;000000852.jpg;278,911;74,629425;420,68637;224,99785;1;0,49083003
100;000000852.jpg;300,682;217,57632;430,73358;361,77374;1;0,45254856
101;000000852.jpg;23,879578;247,76337;205,4822;397,5951;1;0,45075837
102;000001033.jpg;189,09743;222,77701;358,01013;367,99753;1;0,5953248
103;000001033.jpg;358,17148;72,53189;511,36;218,291;1;0,48221064
104;000001033.jpg;165,56694;92,58087;346,42438;242,1301;1;0,44956845
105;000001033.jpg;28,560797;104,13425;172,65108;247,64818;1;0,44263086
106;000001033.jpg;356,95813;210,2291;511,36;356,92328;1;0,4115771
107;000000311.jpg;218,98961;460,88245;265,64825;500,3402;2;0,57843983
108;000000311.jpg;296,68616;288,92648;337,12244;332,7227;2;0,53098315
109;000000311.jpg;267,393;343,8114;309,57556;389,1996;2;0,51094466
110;000000311.jpg;336,21085;185,73555;375,02893;224,53455;2;0,48266736
111;000000311.jpg;198,5417;44,54978;235,56343;86,16426;2;0,46591014
112;000000311.jpg;248,10844;398,56653;295,01773;441,40527;2;0,46298447
113;000000311.jpg;312,00275;235,73505;355,30762;276,24872;2;0,4603029
114;000000311.jpg;106,91167;435,84012;153,26534;478,38535;2;0,442425
115;000000311.jpg;125,91855;110,04898;165,10909;154,44254;2;0,42698509
116;000001153.jpg;234,16963;88,012474;417,6578;220,0961;1;0,5042069
117;000000271.jpg;292,37442;429,4757;323,58218;466,44446;2;0,5787706
118;000001190.jpg;213,48465;101,014465;255,81055;138,36775;2;0,6438909
119;000001190.jpg;140,89532;61,789562;180,00606;99,83159;2;0,41909724
120;000001190.jpg;218,32507;34,24043;262,59387;67,64888;2;0,4106943
121;000001190.jpg;15,007015;17,186852;49,872936;55,099422;2;0,40207374
122;000000067.jpg;182,61516;124,896065;212,66801;158,23326;2;0,53720415
123;000000067.jpg;83,40924;122,57833;115,32504;152,01534;2;0,4852475
124;000000067.jpg;347,32413;6,862778;382,45285;47,637016;2;0,44853348
125;000000067.jpg;329,88947;86,29084;360,0031;124,6542;2;0,42253664
126;000001392.jpg;228,03046;72,09167;267,89682;109,791084;2;0,436357
127;000001392.jpg;116,3571;121,20267;153,9386;157,50485;2;0,43418846
128;000001392.jpg;179,73691;95,41419;213,70258;136,11662;2;0,42655706
129;000001433.jpg;370,0791;30,578428;405,1971;68,479454;2;0,5050513
130;000001433.jpg;295,3867;138,9744;332,0505;174,21803;2;0,40018713
131;000000705.jpg;60,35639;193,96136;252,47926;367,23148;1;0,6211509
132;000000705.jpg;279,95142;161,57498;511,36;338,12766;1;0,5832677
133;000000705.jpg;233,11218;32,278297;386,07333;174,51753;1;0,5400057
134;000000705.jpg;69,51053;50,267696;230,24074;197,18031;1;0,4939018
135;000000705.jpg;275,74353;329,75616;511,36;511,36;1;0,49352765
136;000000705.jpg;63,84797;357,68735;264,74362;511,36;1;0,4310001
137;000001369.jpg;124,79676;85,44786;156,14117;122,88692;2;0,45671347
138;000001369.jpg;144,32481;153,92615;191,64932;195,84125;2;0,40738013
139;000001369.jpg;71,3849;108,79297;102,61942;143,41965;2;0,40106648
140;000001221.jpg;297,40503;220,38263;479,01675;375,93927;1;0,60941327
141;000001221.jpg;101,66571;92,48883;269,4999;244,12979;1;0,57763475
142;000001221.jpg;113,754944;247,18745;290,09436;399,55228;1;0,559463
143;000000670.jpg;328,23285;213,44261;505,7959;365,41418;1;0,4508998
144;000001591.jpg;483,36652;411,09296;511,36;442,32214;2;0,43916696
145;000001022.jpg;155,58046;314,0924;311,58423;461,89896;1;0,56165296
146;000001022.jpg;307,83932;303,1007;460,3671;452,4639;1;0,53295213
147;000001022.jpg;22,232744;333,99307;162,81827;480,2741;1;0,48869732
148;000001022.jpg;142,60722;168,60326;298,38235;321,32202;1;0,43496972
149;000001022.jpg;12,221197;183,76767;148,10634;335,24884;1;0,43127352
150;000001022.jpg;127,79678;15,417219;284,8466;164,46706;1;0,42650682
151;000001022.jpg;287,67313;11,439447;427,57227;147,2434;1;0,41847456
152;000001022.jpg;296,78586;157,9579;441,7713;301,97653;1;0,41451356
153;000001022.jpg;0,0;30,033415;133,93835;178,91327;1;0,41053668
154;000000274.jpg;236,29282;469,89105;268,62775;505,328;2;0,633811
155;000000274.jpg;36,762657;171,65674;66,6491;209,44539;2;0,57984596
156;000000274.jpg;218,90157;282,0527;246,06194;315,41592;2;0,46894774
157;000000274.jpg;238,77545;404,6931;270,29147;437,25903;2;0,4575733
158;000000274.jpg;178,66934;287,11877;210,95837;321,11868;2;0,45295155
159;000000274.jpg;19,637093;326,3086;47,704815;361,5609;2;0,442142
160;000000274.jpg;265,52667;366,37378;308,19095;405,5756;2;0,42646122
161;000000260.jpg;7,7583776;317,78235;47,891335;354,45386;2;0,5685832
162;000000260.jpg;74,17317;272,9868;101,38828;307,0738;2;0,56574035
163;000000260.jpg;101,008446;339,22583;130,91135;378,66043;2;0,4725707
164;000000260.jpg;116,04143;280,77753;143,60138;313,98056;2;0,46308643
165;000000260.jpg;173,77255;440,22046;204,1121;470,5328;2;0,44782156
166;000000260.jpg;59,94033;329,42337;89,70559;367,51132;2;0,44699007
167;000000260.jpg;73,51035;445,71466;108,36336;489,40253;2;0,44062722
168;000000260.jpg;126,208206;425,83344;154,94398;459,06512;2;0,4077374
169;000000260.jpg;445,31;348,70984;478,325;394,86365;2;0,4012996
170;000000089.jpg;346,32605;471,64764;384,5718;511,36;2;0,6364289
171;000000089.jpg;5,525799;322,2388;43,193485;366,89;2;0,48671463
172;000000089.jpg;293,047;470,0541;324,63306;500,88333;2;0,41907042
173;000000923.jpg;41,0158;446,2299;79,70287;491,14508;2;0,5016159
174;000000923.jpg;273,61072;408,02478;318,09653;449,5858;2;0,4610682
175;000000923.jpg;414,4961;382,8938;465,40414;425,42712;2;0,46040025
176;000000060.jpg;347,38837;229,48264;378,2737;263,99255;2;0,6374992
177;000000060.jpg;311,79315;223,44482;344,51935;252,24211;2;0,4819686
178;000000060.jpg;10,411624;172,52032;49,567665;206,43945;2;0,45941764
179;000000060.jpg;468,44202;262,9428;500,004;293,41904;2;0,45588076
180;000000060.jpg;330,91507;226,69449;366,43555;258,61304;2;0,4506296
181;000000060.jpg;420,4365;261,3639;449,72687;296,2717;2;0,43296635
182;000001587.jpg;89,56891;343,0056;132,16725;377,19437;2;0,42311057
183;000001222.jpg;53,867535;216,72356;221,37689;373,65488;1;0,6089866
184;000001222.jpg;335,5361;201,0549;507,26645;342,57745;1;0,46288452
185;000001222.jpg;344,63937;349,3948;511,36;493,9321;1;0,41923052
186;000001222.jpg;226,24112;221,19463;323,4714;353,67325;1;0,41484386
187;000001222.jpg;27,809027;86,600624;204,24309;231,82852;1;0,4078308
188;000001236.jpg;239,6829;199,11021;458,84167;357,9721;1;0,40196747
189;000001578.jpg;192,16246;309,0722;228,64699;347,63824;2;0,45235956
190;000000672.jpg;337,8242;233,97908;500,4782;386,30496;1;0,47203127
191;000000115.jpg;114,570145;463,4475;147,03413;498,63123;2;0,5674904
192;000000115.jpg;407,328;406,54965;444,89505;435,4446;2;0,5627477
193;000000115.jpg;411,21722;316,80127;452,3108;350,3829;2;0,5403498
194;000000115.jpg;408,6152;362,82474;448,13422;393,95624;2;0,51954085
195;000000115.jpg;154,86299;263,40186;185,8182;305,94778;2;0,51585597
196;000000115.jpg;71,19865;276,83237;108,70498;311,70493;2;0,50311476
197;000000115.jpg;237,44203;297,80896;266,3414;331,35797;2;0,5011643
198;000000115.jpg;192,32204;326,9256;226,56734;362,76447;2;0,49280325
199;000000115.jpg;118,146126;235,68022;154,84993;273,06778;2;0,49171335
200;000000115.jpg;179,584;382,95056;213,36037;416,66406;2;0,48693824
201;000000115.jpg;400,7787;447,13425;438,91153;478,8343;2;0,48449847
202;000000115.jpg;52,17468;345,1689;101,64523;378,7784;2;0,47435343
203;000000115.jpg;45,02058;398,93225;92,10711;433,5004;2;0,4624849
204;000000115.jpg;60,859493;334,31702;101,28128;370,59668;2;0,45758453
205;000000115.jpg;173,57027;160,19682;201,78098;201,28012;2;0,45667538
206;000000115.jpg;72,633125;223,24356;121,990364;258,7197;2;0,44642615
207;000000115.jpg;79,06519;181,20682;130,4107;216,31938;2;0,44233808
208;000000115.jpg;444,6342;232,77432;484,92282;269,5204;2;0,43432903
209;000000115.jpg;129,68587;374,22708;165,84917;413,51242;2;0,42903978
210;000000115.jpg;243,73529;259,35974;275,58624;293,81332;2;0,42761028
211;000000115.jpg;113,43433;282,42404;146,0092;318,26312;2;0,41871884
212;000000115.jpg;74,329865;203,97754;126,01157;238,5126;2;0,4162973
213;000000115.jpg;47,86551;367,2081;98,864876;399,9914;2;0,414855
214;000000115.jpg;227,43974;345,80164;258,5896;376,02927;2;0,41402736
215;000000115.jpg;81,36668;163,47194;132,64433;197,95403;2;0,40777564
216;000000115.jpg;45,26505;378,42017;94,315605;411,746;2;0,40577534
217;000000115.jpg;93,30972;414,14633;128,10275;450,06375;2;0,40576604
218;000000115.jpg;429,4065;276,38837;469,33682;308,52927;2;0,40058047
219;000000317.jpg;30,446447;105,84735;65,482796;144,05348;2;0,5957509
220;000000317.jpg;126,09756;158,35257;166,18758;192,07396;2;0,5784549
221;000000317.jpg;103,44422;210,4331;144,38193;247,30717;2;0,56692666
222;000000317.jpg;152,09103;107,470184;188,5064;142,94917;2;0,50915664
223;000000317.jpg;77,87261;254,68797;118,41294;292,5561;2;0,5084273
224;000000317.jpg;189,5017;0,11014046;244,87688;43,3576;2;0,50246525
225;000000317.jpg;174,97826;55,847523;214,6516;90,9761;2;0,49694493
226;000000317.jpg;54,358177;56,272305;89,01178;91,35312;2;0,4429991
227;000001009.jpg;97,7343;194,709;289,5269;348,60278;1;0,6315634
228;000001009.jpg;285,39734;33,927525;470,80173;188,37428;1;0,5861701
229;000001009.jpg;116,81428;348,98813;304,80286;498,84628;1;0,47046635
230;000001009.jpg;86,39286;52,454025;271,18005;190,35121;1;0,43958217
231;000000459.jpg;45,68642;205,32002;82,624435;244,59653;2;0,5376356
232;000000459.jpg;148,6441;254,44461;184,6191;293,68054;2;0,47357795
233;000000459.jpg;136,17348;323,67337;198,92455;370,71982;2;0,4659735
234;000000459.jpg;89,10499;307,26398;125,97102;345,6341;2;0,46466908
235;000000459.jpg;44,035965;298,74338;79,9819;340,12643;2;0,41153207
236;000000505.jpg;177,95265;434,59357;210,44289;475,6984;2;0,41837013
237;000000505.jpg;290,45273;224,5509;412,04547;326,5299;1;0,41281146
238;000000707.jpg;99,58422;44,537296;304,60953;271,4558;1;0,52070683
239;000000707.jpg;127,93362;330,11777;285,6769;454,10474;1;0,4751212
240;000000707.jpg;257,29803;381,77103;385,72308;500,71893;1;0,44896603
241;000000707.jpg;127,54648;237,86137;334,12943;376,7072;1;0,40974993
242;000001357.jpg;359,19913;249,34502;389,34625;288,962;2;0,44128594
243;000001495.jpg;157,69843;270,4303;184,83026;302,62643;2;0,43906903
244;000001495.jpg;195,49388;276,1379;221,87369;306,01218;2;0,42575166
245;000001495.jpg;194,43573;310,94345;224,58514;342,458;2;0,42262146
246;000001495.jpg;247,01973;163,54718;288,48587;198,71066;2;0,41998708
247;000000774.jpg;129,05196;163,2298;288,51083;307,3678;1;0,40380642
248;000001330.jpg;452,10855;215,19914;493,5854;255,3078;2;0,56003684
249;000000984.jpg;288,47256;405,14514;335,41046;441,64868;2;0,43181688
250;000001132.jpg;299,65375;332,26895;511,36;463,55185;1;0,41615605
251;000001046.jpg;143,42973;213,99861;319,6033;365,39078;1;0,58968115
252;000001046.jpg;322,63;176,85713;508,69604;347,29407;1;0,5818921
253;000001046.jpg;131,84984;43,38557;290,7914;195,16245;1;0,5570056
254;000001046.jpg;330,18512;33,541615;505,19397;189,72531;1;0,5265974
255;000001046.jpg;350,85712;351,18906;511,36;511,36;1;0,46810636
256;000001046.jpg;161,74632;387,5434;343,2752;511,36;1;0,41505063
257;000001052.jpg;155,93498;64,74896;309,47537;208,7316;1;0,5860358
258;000001052.jpg;324,6931;195,78462;474,9814;339,5615;1;0,5221064
259;000001052.jpg;23,35207;75,40522;162,9667;222,6947;1;0,5211419
260;000001052.jpg;307,05966;48,75291;458,22275;198,19469;1;0,48961633
261;000001052.jpg;169,5891;209,06584;324,355;347,18182;1;0,46595484
262;000001052.jpg;41,717777;216,45659;175,67207;359,66895;1;0,46378884
263;000000827.jpg;311,03317;288,08694;451,50067;396,595;1;0,4291894
264;000000827.jpg;318,44907;397,51898;465,86856;511,36;1;0,41185442
265;000001287.jpg;72,92986;20,275414;269,41446;221,07088;1;0,4046715
266;000000833.jpg;97,56316;331,818;275,72208;478,54797;1;0,5174991
267;000000833.jpg;272,75647;309,57953;441,59058;457,7335;1;0,5167967
268;000000833.jpg;258,88586;161,81335;424,7394;309,7208;1;0,4720486
269;000000833.jpg;124,322395;165,35107;265,4168;322,98978;1;0,41160136
270;000001250.jpg;143,23843;238,19711;342,84045;379,4922;1;0,5865114
271;000001250.jpg;337,65482;108,813225;499,35077;222,99203;1;0,4694952
272;000001250.jpg;347,893;230,19006;511,36;383,82074;1;0,45350412
273;000001523.jpg;281,54376;20,486162;315,4243;50,211876;2;0,52325845
274;000001523.jpg;424,92346;126,26376;476,3199;165,24855;2;0,43093076
275;000001523.jpg;72,19574;302,35675;111,288124;346,40118;2;0,40468308
276;000001279.jpg;77,76039;200,49391;255,1828;343,1017;1;0,5461216
277;000001279.jpg;342,454;177,7092;475,6212;313,4436;1;0,43619853
278;000001279.jpg;92,81772;346,81952;260,66144;490,62863;1;0,425236
279;000001047.jpg;50,92344;143,45534;223,14139;291,9251;1;0,6952883
280;000001047.jpg;60,114132;296,74286;240,40178;449,27164;1;0,57339054
281;000001047.jpg;253,5636;269,49374;491,4962;420,1313;1;0,51714844
282;000001047.jpg;249,99774;127,33262;425,7027;274,1938;1;0,49530497
283;000001047.jpg;227,10538;0,0;417,23895;122,55116;1;0,47557452
284;000001047.jpg;29,393671;0,0;218,63998;154,20135;1;0,46209115
285;000001669.jpg;420,33975;443,7793;453,12332;483,11304;2;0,5224621
286;000001669.jpg;169,84021;176,73322;203,79121;208,80573;2;0,52242976
287;000001669.jpg;179,41205;219,77727;215,62067;251,84697;2;0,51449907
288;000001669.jpg;194,23206;276,67328;225,77281;305,9819;2;0,4210217
289;000001457.jpg;148,65985;336,8189;187,01143;374,84027;2;0,48589426
290;000001457.jpg;157,76396;390,3956;202,27588;432,15762;2;0,42721248
291;000000991.jpg;213,48465;101,014465;255,81055;138,36775;2;0,6438909
292;000000991.jpg;140,89532;61,789562;180,00606;99,83159;2;0,41909724
293;000000991.jpg;218,32507;34,24043;262,59387;67,64888;2;0,4106943
294;000000991.jpg;15,007015;17,186852;49,872936;55,099422;2;0,40207374
295;000001494.jpg;445,22363;276,0878;473,76465;306,40396;2;0,44049206
296;000001494.jpg;56,018185;418,16574;89,76296;449,90683;2;0,43211898
297;000001494.jpg;448,22324;311,58868;479,72913;343,11972;2;0,41068888
298;000000763.jpg;400,00854;304,97897;436,50922;353,6519;2;0,4222466
299;000000213.jpg;235,13881;211,83748;268,1509;247,13678;2;0,5861054
300;000000213.jpg;264,95224;111,77415;307,88782;149,95442;2;0,48678812
301;000000213.jpg;413,66125;399,98578;450,6991;437,61304;2;0,48282644
302;000000213.jpg;19,746014;70,6822;48,77019;105,362;2;0,46685758
303;000000213.jpg;178,02397;32,554134;210,04016;64,708694;2;0,4641859
304;000000213.jpg;429,5864;257,81415;466,8126;293,5506;2;0,4125699
305;000001079.jpg;82,138954;84,63994;268,18634;253,88814;1;0,58121604
306;000001045.jpg;33,326237;212,18933;393,40784;416,6324;1;0,6330435
307;000001045.jpg;40,71793;74,48856;369,0285;254,63533;1;0,5665589
308;000001045.jpg;31,649986;88,50637;246,94891;223,1065;1;0,46039325
309;000001045.jpg;40,40751;238,20831;255,73709;398,36185;1;0,45556805
310;000001045.jpg;369,97247;52,431835;511,36;202,56537;1;0,42995146
311;000001045.jpg;166,3805;214,83652;377,71298;378,70844;1;0,4095915
312;000001290.jpg;239,6829;199,11021;458,84167;357,9721;1;0,40196747
313;000000824.jpg;152,53467;100,30185;305,56046;247,24149;1;0,5340616
314;000000824.jpg;28,23529;263,436;173,00926;402,856;1;0,43796223
315;000000824.jpg;171,35258;248,43346;321,66296;398,4325;1;0,43465438
316;000000165.jpg;280,44833;233,28333;511,36;391,18335;1;0,54541457
317;000000165.jpg;267,75613;88,21127;511,36;239,789;1;0,49086255
318;000001246.jpg;15,073638;21,574379;168,64975;169,62865;1;0,48420182
319;000001246.jpg;45,001816;314,92932;196,70135;461,5003;1;0,4600039
320;000001246.jpg;29,11438;170,30212;179,97617;313,894;1;0,43572426
321;000000164.jpg;255,1647;198,40729;511,36;347,35306;1;0,6034341
322;000000164.jpg;251,33984;48,000614;504,52832;208,88065;1;0,50331634
323;000000164.jpg;273,56595;337,14465;511,36;491,70428;1;0,47759843
324;000000831.jpg;281,88605;104,708176;428,1542;246,06119;1;0,52588254
325;000000819.jpg;273,48514;360,43375;449,67398;509,68875;1;0,56809384
326;000000819.jpg;248,17499;217,34248;435,94626;358,59824;1;0,4988128
327;000000819.jpg;245,54198;50,13424;413,83997;202,7297;1;0,4785273
328;000000819.jpg;0,0;231,2852;165,58546;376,7123;1;0,41803578
329;000001044.jpg;312,12076;146,07402;482,87448;293,64563;1;0,6785668
330;000001044.jpg;129,19275;304,30524;294,6581;455,5837;1;0,6603866
331;000001044.jpg;113,72813;172,01256;300,50702;322,14;1;0,65689754
332;000001044.jpg;103,54165;7,3117285;275,40518;161,0931;1;0,5482741
333;000001044.jpg;325,16196;299,8109;501,31058;448,86975;1;0,4917622
334;000001044.jpg;288,94104;0,0;467,86124;156,72073;1;0,4527461
335;000000951.jpg;360,84198;206,50926;497,2766;351,44736;1;0,43894207
336;000000941.jpg;297,76923;192,06636;336,38995;237,09698;2;0,56780076
337;000000941.jpg;76,05578;211,41566;115,77875;253,26814;2;0,50946695
338;000000000.jpg;346,32605;471,64764;384,5718;511,36;2;0,6364289
339;000000000.jpg;5,525799;322,2388;43,193485;366,89;2;0,48671463
340;000000000.jpg;293,047;470,0541;324,63306;500,88333;2;0,41907042
341;000000772.jpg;337,8242;233,97908;500,4782;386,30496;1;0,47203127
342;000001685.jpg;483,36652;411,09296;511,36;442,32214;2;0,43916696
343;000001068.jpg;259,52844;362,78015;460,56058;502,2105;1;0,4051814
344;000001518.jpg;195,8513;53,644466;223,64284;84,01867;2;0,49034953
345;000001518.jpg;156,9876;14,379025;185,27301;45,736324;2;0,4404227
346;000001518.jpg;309,05396;335,81293;359,4224;375,21454;2;0,43794557
347;000001519.jpg;28,095222;274,051;59,970463;305,1442;2;0,47099108
348;000001519.jpg;220,19957;401,02637;255,34311;440,073;2;0,46929604
349;000001519.jpg;171,14655;382,3915;211,33905;417,29065;2;0,46546328
350;000000217.jpg;399,0641;434,81512;445,24472;478,26913;2;0,5325341
351;000000217.jpg;397,07144;83,66543;435,15155;121,676094;2;0,5000162
352;000000217.jpg;87,74625;386,86987;132,2204;435,47675;2;0,4420199
353;000001135.jpg;40,814507;321,49557;329,42957;473,57474;1;0,45043045
354;000001451.jpg;319,40186;314,29126;360,16797;351,2856;2;0,4202415
355;000000968.jpg;115,12818;151,87785;146,01779;180,07625;2;0,46313658
356;000000968.jpg;151,51433;112,80375;187,4189;142,95723;2;0,44728264
357;000000968.jpg;57,33908;108,72385;87,963646;140,41133;2;0,4059836
358;000001486.jpg;116,37695;375,1164;154,03287;413,0875;2;0,47430232
359;000001486.jpg;179,1557;349,7374;213,10988;390,72906;2;0,44096854
360;000001486.jpg;1,7747455;383,38434;40,45488;418,64294;2;0,41516384
361;000000942.jpg;41,694267;191,82611;79,40476;236,85059;2;0,5098577
362;000000942.jpg;413,67184;127,42876;466,68997;169,57205;2;0,4854022
363;000000942.jpg;266,77927;235,82463;310,54794;272,25177;2;0,47068718
364;000000942.jpg;274,1949;152,93019;319,02402;194,71898;2;0,4400547
365;000001335.jpg;370,3658;284,19098;406,4016;323,71616;2;0,43016383
366;000001335.jpg;350,7453;219,74252;387,7895;265,2814;2;0,41173512
367;000000017.jpg;323,6078;296,72852;362,34555;340,69095;2;0,4393313
368;000000201.jpg;292,37442;429,4757;323,58218;466,44446;2;0,5787706
369;000000822.jpg;19,637789;355,4121;190,49625;502,03683;1;0,57764554
370;000000822.jpg;251,1424;31,708654;386,59637;177,20306;1;0,49351323
371;000000822.jpg;280,4114;335,32635;419,1839;483,2287;1;0,47245836
372;000000822.jpg;269,29968;184,73882;403,05215;334,3708;1;0,45326623
373;000000822.jpg;0,0;210,57129;175,91609;357,82758;1;0,44747525
374;000001296.jpg;85,02693;253,34052;267,5202;408,2755;1;0,53303653
375;000001296.jpg;58,875946;114,26023;230,93925;261,02124;1;0,5105139
376;000001296.jpg;360,0054;232,35506;511,36;382,53345;1;0,5094033
377;000001296.jpg;343,98596;93,88373;511,36;234,31357;1;0,41505075
378;000001296.jpg;47,897934;0,0;232,85953;115,933014;1;0,41024488
379;000000605.jpg;60,35639;193,96136;252,47926;367,23148;1;0,6211509
380;000000605.jpg;279,95142;161,57498;511,36;338,12766;1;0,5832677
381;000000605.jpg;233,11218;32,278297;386,07333;174,51753;1;0,5400057
382;000000605.jpg;69,51053;50,267696;230,24074;197,18031;1;0,4939018
383;000000605.jpg;275,74353;329,75616;511,36;511,36;1;0,49352765
384;000000605.jpg;63,84797;357,68735;264,74362;511,36;1;0,4310001
385;000000189.jpg;265,04468;316,96313;304,5873;353,2652;2;0,53743947
386;000000189.jpg;428,56668;439,05618;459,25958;471,33563;2;0,5143335
387;000000189.jpg;316,8414;330,03204;347,04355;366,9298;2;0,49974263
388;000000189.jpg;329,4005;274,53693;357,88156;308,46976;2;0,48711324
389;000000189.jpg;111,71327;22,83127;146,77536;54,539623;2;0,4816942
390;000000189.jpg;381,18237;424,62762;409,60352;457,833;2;0,46140757
391;000000189.jpg;100,475204;62,20597;136,40921;96,52787;2;0,45760736
392;000000189.jpg;357,37372;339,3767;387,41125;376,4633;2;0,44784042
393;000000189.jpg;373,61874;281,9258;400,7786;315,90707;2;0,41011682
394;000000189.jpg;329,42245;445,6906;365,3989;489,62817;2;0,40461713
395;000001297.jpg;105,408165;234,81166;273,25296;380,61658;1;0,5828314
396;000001297.jpg;369,28253;210,44894;503,974;358,26672;1;0,4502003
397;000001297.jpg;92,70865;90,00779;257,18542;228,76418;1;0,4338072
398;000000823.jpg;155,58046;314,0924;311,58423;461,89896;1;0,56165296
399;000000823.jpg;307,83932;303,1007;460,3671;452,4639;1;0,53295213
400;000000823.jpg;22,232744;333,99307;162,81827;480,2741;1;0,48869732
401;000000823.jpg;142,60722;168,60326;298,38235;321,32202;1;0,43496972
402;000000823.jpg;12,221197;183,76767;148,10634;335,24884;1;0,43127352
403;000000823.jpg;127,79678;15,417219;284,8466;164,46706;1;0,42650682
404;000000823.jpg;287,67313;11,439447;427,57227;147,2434;1;0,41847456
405;000000823.jpg;296,78586;157,9579;441,7713;301,97653;1;0,41451356
406;000000823.jpg;0,0;30,033415;133,93835;178,91327;1;0,41053668
407;000001042.jpg;81,77618;110,07622;265,8537;264,61652;1;0,7048088
408;000001042.jpg;93,19259;251,46458;287,8696;423,153;1;0,64826035
409;000001042.jpg;291,5566;238,66016;511,36;416,27176;1;0,554735
410;000001042.jpg;288,766;83,53766;511,36;249,58342;1;0,5216506
411;000000228.jpg;109,569374;381,17297;151,72968;421,91443;2;0,4886238
412;000000228.jpg;80,590546;442,55374;120,83462;479,62222;2;0,484263
413;000001687.jpg;437,7811;157,9986;469,62598;188,47755;2;0,4361187
414;000001687.jpg;463,70493;215,29051;491,26935;244,40242;2;0,4220233
415;000000002.jpg;89,086815;472,9489;126,39607;511,36;2;0,65236855
416;000000002.jpg;286,69498;430,02457;320,98618;470,265;2;0,52228475
417;000000002.jpg;35,848083;469,4335;67,15269;500,1085;2;0,47033983
418;000000002.jpg;228,06862;429,4477;263,43103;466,42203;2;0,43327272
419;000000002.jpg;318,66705;274,18558;360,70343;315,71594;2;0,4065717
420;000001488.jpg;228,03046;72,09167;267,89682;109,791084;2;0,436357
421;000001488.jpg;116,3571;121,20267;153,9386;157,50485;2;0,43418846
422;000001488.jpg;179,73691;95,41419;213,70258;136,11662;2;0,42655706
423;000000782.jpg;341,1476;0,0;510,2943;126,58877;1;0,45322663
424;000000033.jpg;423,3768;197,41623;462,93454;232,9322;2;0,65818924
425;000000033.jpg;212,7132;224,2483;250,88304;256,618;2;0,62495196
426;000000033.jpg;161,19418;436,257;196,98607;472,8962;2;0,62105936
427;000000033.jpg;448,61975;137,74876;478,91647;168,24553;2;0,6195986
428;000000033.jpg;423,84903;461,49835;456,37402;500,31122;2;0,6192009
429;000000033.jpg;235,95844;126,52191;272,867;164,5736;2;0,608556
430;000000033.jpg;374,73618;363,63513;413,32462;394,84586;2;0,6057495
431;000000033.jpg;398,02005;125,35966;428,92215;153,09425;2;0,57551086
432;000000033.jpg;230,05498;177,39761;262,84222;207,79176;2;0,5697455
433;000000033.jpg;188,18665;322,4434;225,34712;366,82538;2;0,55360216
434;000000033.jpg;382,08774;195,4887;412,13025;225,24823;2;0,54697126
435;000000033.jpg;380,25665;153,57417;413,59113;183,0376;2;0,5461971
436;000000033.jpg;444,5787;98,721886;479,91418;130,09995;2;0,5424926
437;000000033.jpg;452,66772;363,19052;485,42267;401,46396;2;0,5380405
438;000000033.jpg;94,47934;342,2623;132,95602;386,07965;2;0,53063315
439;000000033.jpg;367,05362;218,6232;398,45914;247,12686;2;0,52956563
440;000000033.jpg;429,29507;163,02805;460,89755;194,55342;2;0,50462663
441;000000033.jpg;441,5329;143,86397;472,9662;176,00395;2;0,4914801
442;000000033.jpg;373,8425;205,97551;406,47354;238,29268;2;0,48563972
443;000000033.jpg;355,5753;471,88184;387,61133;508,74915;2;0,4816344
444;000000033.jpg;364,92242;258,32224;399,94708;289,95932;2;0,47024113
445;000000033.jpg;397,42294;115,40169;429,57;143,87083;2;0,46763957
446;000000033.jpg;375,538;412,77313;404,09793;447,37866;2;0,46501344
447;000000033.jpg;88,509445;413,84882;123,0797;459,62155;2;0,4606591
448;000000033.jpg;169,54375;378,83664;205,00754;419,36215;2;0,4594147
449;000000033.jpg;362,69974;440,89163;394,22324;477,51074;2;0,459364
450;000000033.jpg;392,63226;134,26704;425,35495;164,46605;2;0,45697495
451;000000033.jpg;203,45374;271,4659;240,44238;307,32736;2;0,4552062
452;000000033.jpg;473,81058;299,36215;511,36;337,8475;2;0,45243979
453;000000033.jpg;393,04572;337,83655;427,71875;369,2139;2;0,44937634
454;000000033.jpg;378,10156;354,79727;417,45447;386,73996;2;0,44904637
455;000000033.jpg;343,9718;322,00357;377,26242;349,73148;2;0,43955022
456;000000033.jpg;398,09668;105,95662;429,24823;134,73764;2;0,43449447
457;000000033.jpg;385,50476;144,6307;419,80722;174,64613;2;0,4332814
458;000000033.jpg;433,85406;153,6354;466,5531;185,8192;2;0,4325447
459;000000033.jpg;398,58673;91,4;427,55255;120,394325;2;0,42820117
460;000000033.jpg;30,614424;423,9447;68,00376;457,24902;2;0,42669412
461;000000033.jpg;425,4612;180,81277;462,2273;217,66176;2;0,42651916
462;000000033.jpg;243,11647;85,06048;278,32986;117,42505;2;0,42558157
463;000000033.jpg;408,00223;265,30283;442,1256;297,85712;2;0,42077506
464;000000033.jpg;385,34567;345,47354;423,89676;377,0661;2;0,40307504
465;000000225.jpg;311,95386;292,89532;349,62622;333,73645;2;0,5535293
466;000000225.jpg;310,97476;458,57394;347,18613;498,01135;2;0,5251139
467;000000225.jpg;369,89493;331,71664;403,99612;368,55234;2;0,5160766
468;000000225.jpg;370,07187;426,2847;408,53622;464,67;2;0,46849462
469;000000225.jpg;456,57047;396,53372;489,90662;433,0038;2;0,44818014
470;000000225.jpg;419,98572;466,06656;454,63586;507,76535;2;0,4178309
471;000000225.jpg;275,45374;375,78485;311,5915;414,81516;2;0,41079518
472;000001675.jpg;53,203438;92,996994;90,341545;126,8977;2;0,40043885
473;000000351.jpg;343,91415;50,41462;382,22153;90,16585;2;0,5172057
474;000000351.jpg;405,55176;0,0;440,24246;37,659775;2;0,45983773
475;000000351.jpg;299,2552;41,04367;333,64832;83,462395;2;0,4302661
476;000001073.jpg;165,47055;96,82421;367,83328;244,31006;1;0,6088537
477;000001073.jpg;0,0;100,409225;197,91876;234,3663;1;0,46458974
478;000001073.jpg;0,0;245,97183;206,7714;389,12238;1;0,4376618
479;000001073.jpg;161,82277;220,07639;385,83817;363,38617;1;0,43592146
480;000001073.jpg;364,0402;68,08766;511,36;187,28027;1;0,41314647
481;000001073.jpg;380,1457;184,78992;511,36;341,0589;1;0,4048801
482;000001259.jpg;72,635284;265,87488;269,48474;472,95435;1;0,40359405
483;000001503.jpg;28,095222;274,051;59,970463;305,1442;2;0,47099108
484;000001503.jpg;220,19957;401,02637;255,34311;440,073;2;0,46929604
485;000001503.jpg;171,14655;382,3915;211,33905;417,29065;2;0,46546328
486;000001270.jpg;364,1557;356,35815;511,36;506,78683;1;0,41674832
487;000000620.jpg;55,913074;101,371346;263,96036;284,37247;1;0,59392214
488;000000620.jpg;294,98016;61,92709;511,36;267,58987;1;0,4005618
489;000000146.jpg;83,255486;214,28674;113,829544;250,46027;2;0,5009626
490;000000146.jpg;75,65056;456,30743;100,86876;492,4575;2;0,50073516
491;000000146.jpg;138,7757;181,46333;168,55624;211,07368;2;0,4983716
492;000000146.jpg;129,91304;407,48117;159,64595;436,3559;2;0,49075672
493;000000146.jpg;101,36585;357,57452;127,560326;394,7448;2;0,4670558
494;000000146.jpg;197,29466;31,136032;225,24728;63,27699;2;0,43029487
495;000000191.jpg;400,26605;240,58768;432,73956;273,0947;2;0,70179313
496;000000191.jpg;428,27597;141,28682;457,3165;175,65111;2;0,6370366
497;000000191.jpg;410,8866;185,63295;442,13113;217,24695;2;0,48183978
498;000000191.jpg;426,34918;152,55582;453,3345;181,38608;2;0,40921724
499;000001660.jpg;169,84885;433,1899;202,76363;465,2705;2;0,46086252
500;000001660.jpg;178,74428;476,3202;217,28877;511,36;2;0,415126
501;000000224.jpg;400,5156;178,46149;441,40262;219,42094;2;0,5361379
502;000000224.jpg;393,2059;198,20488;438,79718;241,37334;2;0,46757463
503;000000224.jpg;69,27599;410,8117;111,33043;454,334;2;0,4460452
504;000000224.jpg;87,65632;131,05875;133,12973;178,94843;2;0,41227666
505;000001338.jpg;114,11245;31,064907;148,89574;68,7507;2;0,54506767
506;000000797.jpg;217,93721;103,45561;407,61444;304,328;1;0,4432948
507;000000959.jpg;15,46978;308,65482;355,71738;465,84372;1;0,4509585
508;000000959.jpg;46,86882;70,872444;309,07947;200,2274;1;0,41550267
509;000001070.jpg;244,51926;243,97072;462,63745;396,1493;1;0,5249611
510;000001070.jpg;252,77701;99,7191;454,0346;237,6518;1;0,473215
511;000000193.jpg;144,75824;240,2438;177,52052;274,30066;2;0,630205
512;000000193.jpg;172,0818;140,46904;201,3969;176,8267;2;0,53576666
513;000000193.jpg;155,99034;186,12466;187,90851;217,89957;2;0,5330275
514;000000193.jpg;260,5283;258,65546;295,1467;299,1981;2;0,45432615
515;000000193.jpg;369,77765;296,36926;417,01712;336,2848;2;0,41030717
516;000000187.jpg;99,825905;318,28888;135,89622;351,10437;2;0,50670546
517;000000187.jpg;121,77476;230,81514;151,35971;265,05032;2;0,5043299
518;000000187.jpg;110,618805;277,52957;146,001;309,3132;2;0,5040728
519;000000187.jpg;65,631966;227,32664;103,5563;263,21368;2;0,4553825
520;000001267.jpg;174,63426;308,2468;392,03738;490,59595;1;0,43310893
521;000001501.jpg;55,93009;163,01787;88,99127;192,71478;2;0,52703017
522;000001501.jpg;51,654728;224,0673;86,81173;258,37247;2;0,5168348
523;000001501.jpg;38,113678;438,49423;73,577354;478,2545;2;0,40804985
524;000001273.jpg;89,89327;354,84705;271,32864;503,21594;1;0,52970177
525;000001273.jpg;275,55045;191,18936;473,1031;354,46774;1;0,40157515
526;000000145.jpg;303,82242;137,26515;334,65076;166,53218;2;0,50057256
527;000000145.jpg;158,11375;212,49738;195,29665;244,55728;2;0,4738465
528;000000145.jpg;154,8959;201,89426;192,31612;236,16704;2;0,43908185
529;000000145.jpg;58,058266;64,02366;94,748024;98,791565;2;0,41533148
530;000000145.jpg;197,61398;285,36038;226,51369;317,487;2;0,41180786
531;000000145.jpg;81,21131;468,6445;113,932304;506,11163;2;0,40463242
532;000000151.jpg;271,86435;101,24172;304,28632;134,38329;2;0,5423545
533;000000151.jpg;283,88583;23,831646;318,11435;64,709236;2;0,43873587
534;000001065.jpg;66,56159;41,3946;214,34549;206,60078;1;0,40668997
535;000001071.jpg;164,66371;340,7104;372,6595;490,03506;1;0,6492559
536;000001071.jpg;157,43982;188,10626;358,73535;350,79782;1;0,63583994
537;000001071.jpg;140,51772;27,204079;359,47473;193,84303;1;0,5814094
538;000001071.jpg;369,2302;163,20642;511,36;324,62216;1;0,47951272
539;000001071.jpg;366,9729;328,1682;511,36;447,92206;1;0,40741366
540;000001071.jpg;0,0;359,89282;206,90483;497,9279;1;0,4022442
541;000001139.jpg;333,2529;211,12332;372,3027;253,51291;2;0,530599
542;000001688.jpg;233,64139;150,23691;261,43835;184,89528;2;0,46801814
543;000001688.jpg;258,93884;278,297;290,80478;309,85446;2;0,40434
544;000000970.jpg;33,733974;162,17969;352,04715;314,5694;1;0,4481779
545;000000958.jpg;57,134155;267,50314;357,36807;413,0506;1;0,44823793
546;000000009.jpg;195,96379;427,9513;231,5292;472,09555;2;0,4172716
547;000001667.jpg;11,588515;438,9701;46,506207;467,61902;2;0,43715674
548;000000814.jpg;45,85125;138,49638;325,8015;293,27576;1;0,5561485
549;000000814.jpg;361,78735;272,58948;511,36;420,68796;1;0,55436796
550;000000814.jpg;0,0;281,56183;323,1822;467,40945;1;0,52228
551;000000814.jpg;341,9798;125,18735;511,36;279,9303;1;0,5145349
552;000000814.jpg;0,0;0,0;324,92596;175,60126;1;0,43228608
553;000001288.jpg;149,8923;371,8829;301,0405;511,36;1;0,41380528
554;000000169.jpg;71,19404;365,30902;355,4305;511,36;1;0,40665704
555;000001511.jpg;157,69843;270,4303;184,83026;302,62643;2;0,43906903
556;000001511.jpg;195,49388;276,1379;221,87369;306,01218;2;0,42575166
557;000001511.jpg;194,43573;310,94345;224,58514;342,458;2;0,42262146
558;000001511.jpg;247,01973;163,54718;288,48587;198,71066;2;0,41998708
559;000000155.jpg;75,5343;342,46762;103,68642;380,3944;2;0,5164359
560;000000155.jpg;357,60007;466,5539;388,68976;503,53848;2;0,46958962
561;000000155.jpg;77,00644;31,474096;109,756386;72,50255;2;0,4631508
562;000000155.jpg;341,82898;104,902756;373,40308;137,018;2;0,43483555
563;000000155.jpg;79,14445;332,56976;106,83811;371,23636;2;0,41621828
564;000000141.jpg;196,84334;107,42682;227,66002;142,90541;2;0,7220965
565;000000141.jpg;100,08537;217,7367;130,34981;253,41211;2;0,69509697
566;000000141.jpg;153,83904;13,499914;187,60413;41,39933;2;0,6462298
567;000000141.jpg;137,77042;79,07994;170,5791;107,94417;2;0,6056788
568;000000141.jpg;144,8123;295,62888;174,90172;329,24097;2;0,5868606
569;000000141.jpg;117,13373;158,16896;145,95166;190,74184;2;0,5827773
570;000000141.jpg;166,06694;204,10353;199,48325;243,08559;2;0,56041145
571;000000141.jpg;119,535194;107,61964;155,86116;139,94745;2;0,5565054
572;000000141.jpg;219,89427;42,06401;258,53796;80,14354;2;0,53915656
573;000000141.jpg;179,41248;350,9095;208,2027;383,24786;2;0,52885526
574;000000141.jpg;94,567375;33,213;127,749;61,495716;2;0,525711
575;000000141.jpg;224,50873;298,63278;260,52814;336,8474;2;0,4639022
576;000000141.jpg;429,81763;420,90082;459,45688;453,55576;2;0,4320275
577;000000141.jpg;101,534454;204,91602;133,69437;244,13432;2;0,42516243
578;000000141.jpg;130,64294;85,68592;165,61017;117,743484;2;0,41710222
579;000000141.jpg;109,789154;0,8910446;146,73492;31,37112;2;0,40681896
580;000000141.jpg;367,99048;377,08316;396,7822;414,75378;2;0,4025678
581;000000168.jpg;21,563814;234,01897;285,42053;388,18253;1;0,5527724
582;000000168.jpg;1,3012695;82,87276;264,51416;238,1704;1;0,52540475
583;000001510.jpg;445,22363;276,0878;473,76465;306,40396;2;0,44049206
584;000001510.jpg;56,018185;418,16574;89,76296;449,90683;2;0,43211898
585;000001510.jpg;448,22324;311,58868;479,72913;343,11972;2;0,41068888
586;000001048.jpg;272,16785;97,10084;442,85342;249,20912;1;0,6663528
587;000001048.jpg;58,32295;258,5724;280,50415;412,7147;1;0,48935217
588;000001048.jpg;287,5105;248,5175;453,29572;398,1496;1;0,4311133
589;000001060.jpg;94,284485;2,203202;455,81223;203,80327;1;0,5508193
590;000001060.jpg;117,45393;164,8337;453,69073;381,93546;1;0,53595775
591;000001060.jpg;80,43997;25,17826;320,77066;180,42134;1;0,42072302
592;000001706.jpg;254,94313;328,41718;294,7126;371,34637;2;0,48798436
593;000001706.jpg;198,90277;191,50522;236,6481;226,4274;2;0,4274274
594;000000008.jpg;451,88556;294,16046;484,88635;328,9491;2;0,46475035
595;000000008.jpg;452,85614;428,68866;488,16254;472,07922;2;0,42385635
596;000001464.jpg;137,26065;339,2325;179,02428;371,22253;2;0,40849245
597;000001464.jpg;114,02107;189,21039;150,49353;233,6144;2;0,40405372
598;000000961.jpg;38,809155;62,773247;336,69388;217,7211;1;0,46706006
599;000001466.jpg;44,819496;154,93399;86,05395;193,95406;2;0,43346184
600;000001466.jpg;52,353382;106,778046;87,972565;143,06038;2;0,41194728
601;000001300.jpg;15,073638;21,574379;168,64975;169,62865;1;0,48420182
602;000001300.jpg;45,001816;314,92932;196,70135;461,5003;1;0,4600039
603;000001300.jpg;29,11438;170,30212;179,97617;313,894;1;0,43572426
604;000000208.jpg;462,69257;387,44247;503,21097;419,83383;2;0,6042054
605;000000208.jpg;17,11328;379,59204;68,95055;417,31848;2;0,4788745
606;000000208.jpg;286,07874;44,834145;318,9677;84,96794;2;0,47548378
607;000000208.jpg;340,99667;37,796837;372,13242;76,06251;2;0,46138173
608;000000208.jpg;477,78305;258,153;511,36;294,5697;2;0,44538465
609;000000208.jpg;89,4714;192,08661;126,51292;234,22299;2;0,434206
610;000000208.jpg;25,97052;96,55783;58,410152;135,96565;2;0,4108567
611;000000208.jpg;38,60292;36,76309;71,97832;75,449005;2;0,40593034
612;000000208.jpg;147,59337;47,438454;181,12189;80,495;2;0,40028077
613;000000142.jpg;337,93906;469,63864;370,5253;505,83984;2;0,4474123
614;000000142.jpg;174,6575;420,73477;205,32382;452,83868;2;0,43779945
615;000000142.jpg;414,15796;212,21489;451,8216;244,78096;2;0,42755556
616;000000142.jpg;315,06247;63,450462;351,7411;97,47038;2;0,41470903
617;000000142.jpg;54,889023;358,31058;88,40919;392,39606;2;0,40855545
618;000000156.jpg;182,61516;124,896065;212,66801;158,23326;2;0,53720415
619;000000156.jpg;83,40924;122,57833;115,32504;152,01534;2;0,4852475
620;000000156.jpg;347,32413;6,862778;382,45285;47,637016;2;0,44853348
621;000000156.jpg;329,88947;86,29084;360,0031;124,6542;2;0,42253664
622;000000157.jpg;90,98018;7,715969;126,42082;45,963856;2;0,51799154
623;000000157.jpg;355,96414;208,82051;389,30188;247,4036;2;0,48126373
624;000000157.jpg;331,36514;320,25095;368,03473;362,03305;2;0,47666863
625;000000157.jpg;410,24136;319,6056;446,79547;358,47702;2;0,47299036
626;000000157.jpg;75,2735;85,397;104,66275;124,521385;2;0,45765755
627;000000157.jpg;238,39389;319,18378;280,13837;355,98648;2;0,4567686
628;000001275.jpg;297,40503;220,38263;479,01675;375,93927;1;0,60941327
629;000001275.jpg;101,66571;92,48883;269,4999;244,12979;1;0,57763475
630;000001275.jpg;113,754944;247,18745;290,09436;399,55228;1;0,559463
631;000000816.jpg;214,28236;331,4621;394,49814;492,6819;1;0,52454656
632;000000816.jpg;180,52483;30,993261;371,41458;201,81648;1;0,502509
633;000000816.jpg;17,252052;361,3076;204,24406;511,36;1;0,4675878
634;000000816.jpg;0,0;67,41114;163,676;219,02641;1;0,46370003
635;000000816.jpg;201,66473;193,51027;374,08453;340,80847;1;0,45941302
636;000000816.jpg;0,0;208,08392;190,36969;354,80902;1;0,4214737
637;000000816.jpg;391,2873;332,57013;490,8009;478,44592;1;0,4021445
638;000001705.jpg;454,41083;192,07701;492,39124;226,38387;2;0,4710669
639;000000396.jpg;177,95265;434,59357;210,44289;475,6984;2;0,41837013
640;000000396.jpg;290,45273;224,5509;412,04547;326,5299;1;0,41281146
641;000000221.jpg;452,52805;79,71548;487,9827;121,94058;2;0,6480943
642;000000221.jpg;429,05328;127,32419;466,265;165,18715;2;0,51119035
643;000000221.jpg;320,36218;146,78989;358,1148;186,35965;2;0,45546067
644;000000221.jpg;238,28242;5,503777;279,91125;44,40934;2;0,42461982
645;000000221.jpg;474,15277;418,72964;511,36;463,13864;2;0,41580215
646;000000221.jpg;403,99884;308,82574;433,95554;344,15665;2;0,40498066
647;000001671.jpg;419,54105;187,78075;453,26013;226,96498;2;0,4582746
648;000001671.jpg;193,75063;21,341394;226,01523;50,399384;2;0,45174125
649;000001671.jpg;447,64285;309,41855;484,52618;349,2229;2;0,4161527
650;000001329.jpg;195,7706;469,44394;238,20976;510,01782;2;0,47448993
651;000000751.jpg;53,875362;323,16077;223,6455;469,66736;1;0,41979185
652;000001498.jpg;203,40518;336,50714;239,64755;367,93875;2;0,5393769
653;000001498.jpg;91,648605;384,37766;124,33228;422,22028;2;0,51591563
654;000001498.jpg;307,8312;224,02399;343,6005;259,11874;2;0,48182657
655;000001498.jpg;311,24597;163,39821;345,88;193,73105;2;0,4748332
656;000001428.jpg;245,96994;206,72043;284,5594;241,02286;2;0,4465621
657;000001428.jpg;363,87262;434,58844;397,66263;475,52847;2;0,4078512
658;000001372.jpg;8,861872;158,1233;48,855377;188,61858;2;0,42963186
659;000000285.jpg;451,56366;335,0055;487,5799;376,01196;2;0,6723379
660;000000285.jpg;199,54092;91,12556;236,35603;132,7888;2;0,51974916
661;000000285.jpg;177,16606;145,35861;215,83704;184,66841;2;0,5160505
662;000000285.jpg;422,23587;21,902838;455,75027;62,752094;2;0,5045426
663;000000285.jpg;397,57016;243,32758;430,5085;278,16534;2;0,5020877
664;000000285.jpg;353,93497;295,44424;388,6713;335,49265;2;0,4799744
665;000000285.jpg;320,79254;404,21683;358,63983;443,09595;2;0,4602158
666;000000285.jpg;225,96086;35,478416;265,53036;72,50481;2;0,45395488
667;000000285.jpg;284,26288;297,7143;321,6445;336,8422;2;0,44184375
668;000000285.jpg;428,8345;382,9812;466,68253;420,35364;2;0,44104567
669;000000285.jpg;467,9432;465,42273;508,45996;506,70593;2;0,4252439
670;000000285.jpg;236,50777;259,90152;278,85236;300,1795;2;0,40811068
671;000001602.jpg;215,13799;282,59433;251,4415;319,8504;2;0,4441978
672;000000865.jpg;319,09204;69,952065;477,99472;235,38988;1;0,46114808
673;000000865.jpg;112,261024;105,98769;220,92334;266,7356;1;0,40372157
674;000000871.jpg;244,51926;243,97072;462,63745;396,1493;1;0,5249611
675;000000871.jpg;252,77701;99,7191;454,0346;237,6518;1;0,473215
676;000000130.jpg;12,0101185;428,75018;49,934883;464,23972;2;0,43622634
677;000000118.jpg;315,4189;203,52782;349,61414;237,61691;2;0,6464748
678;000000118.jpg;156,76422;60,54265;195,25119;94,54307;2;0,6313768
679;000000118.jpg;170,60187;19,137833;212,68422;49,886368;2;0,5859673
680;000000118.jpg;361,30185;0,0;395,87585;32,108204;2;0,555898
681;000000118.jpg;274,13303;382,17075;310,41376;414,43396;2;0,5436061
682;000000118.jpg;235,77226;297,28262;273,96683;331,54446;2;0,5353759
683;000000118.jpg;305,82697;236,4549;341,19397;271,75204;2;0,5337169
684;000000118.jpg;123,74927;310,68393;169,0086;345,17413;2;0,50405276
685;000000118.jpg;95,768654;425,6782;145,39778;465,10934;2;0,5029947
686;000000118.jpg;151,40477;150,51978;189,38799;180,9421;2;0,5006789
687;000000118.jpg;134,64882;234,53668;172,49991;266,33102;2;0,499995
688;000000118.jpg;264,24802;423,01428;298,64352;460,30734;2;0,49246165
689;000000118.jpg;152,74698;106,808525;191,55519;138,54807;2;0,49179938
690;000000118.jpg;209,81033;337,06973;248,77734;371,8924;2;0,490223
691;000000118.jpg;130,64955;274,9928;171,65877;307,59497;2;0,48900342
692;000000118.jpg;144,94138;192,46352;184,46463;225,58533;2;0,47817057
693;000000118.jpg;204,97878;399,29224;245,35004;437,09952;2;0,46686125
694;000000118.jpg;309,66397;220,68129;347,20163;254,91219;2;0,45641533
695;000000118.jpg;126,61432;296,7;170,59639;330,115;2;0,44580284
696;000000118.jpg;338,85962;104,45822;380,66077;152,27254;2;0,4424277
697;000000118.jpg;198,26837;450,2107;239,48514;486,0149;2;0,43501368
698;000000118.jpg;282,27106;345,9779;316,6861;379,39987;2;0,43448836
699;000000118.jpg;257,56015;456,19406;292,84482;494,6436;2;0,4268747
700;000000118.jpg;410,76517;153,10663;451,53027;191,05234;2;0,42636615
701;000000118.jpg;341,57608;454,62854;383,32364;489,80008;2;0,42551723
702;000000118.jpg;344,34784;65,745125;386,10516;108,04765;2;0,4048191
703;000000118.jpg;326,33444;149,68185;367,35968;192,21228;2;0,4009577
704;000001212.jpg;106,37113;123,36612;302,12228;342,28946;1;0,4277486
705;000001213.jpg;174,63426;308,2468;392,03738;490,59595;1;0,43310893
706;000000125.jpg;197,24625;366,36124;229,0462;402,00854;2;0,6804017
707;000000125.jpg;168,46507;197,48125;207,08264;232,726;2;0,63376606
708;000000125.jpg;118,65632;363,1851;155,5484;394,62454;2;0,62061393
709;000000125.jpg;140,31064;124,66833;171,95073;152,83775;2;0,61215013
710;000000125.jpg;193,06131;137,48492;223,56096;167,96977;2;0,60289675
711;000000125.jpg;167,23431;460,6726;199,57964;499,73132;2;0,5539011
712;000000125.jpg;117,65774;412,41522;146,60268;446,91812;2;0,5468419
713;000000125.jpg;100,01021;471,82242;130,41212;508,2676;2;0,53742737
714;000000125.jpg;122,31129;153,55522;156,03668;184,0159;2;0,5348124
715;000000125.jpg;139,17232;114,84319;170,4011;143,49461;2;0,52670294
716;000000125.jpg;136,94836;337,43597;169,51686;368,30624;2;0,5248273
717;000000125.jpg;218,8747;298,00528;258,53937;336,33203;2;0,52146614
718;000000125.jpg;174,40408;162,89348;207,25012;193,4023;2;0,5154245
719;000000125.jpg;135,17636;133,96942;169,51881;164,50343;2;0,50444174
720;000000125.jpg;110,76127;218,07637;144,58002;246,81425;2;0,5018195
721;000000125.jpg;365,61465;150,76378;398,7165;186,21169;2;0,5007938
722;000000125.jpg;142,16455;96,69221;171,27516;126,12124;2;0,500623
723;000000125.jpg;190,02562;98,36059;225,72684;129,53458;2;0,49017316
724;000000125.jpg;114,074104;421,42636;144,18268;459,40546;2;0,46867415
725;000000125.jpg;413,38733;166,22528;447,28253;200,93198;2;0,46757084
726;000000125.jpg;128,49266;143,8609;162,93773;174,4816;2;0,46267396
727;000000125.jpg;140,13327;108,67107;166,75034;132,31026;2;0,45893547
728;000000125.jpg;110,81577;258,04443;146,61798;289,77722;2;0,45499262
729;000000125.jpg;126,22206;195,25209;157,46161;225,79315;2;0,45477754
730;000000125.jpg;185,9751;144,43605;218,27586;175,31981;2;0,45167428
731;000000125.jpg;141,13977;88,35885;169,23067;117,11033;2;0,45079875
732;000000125.jpg;157,30379;234,52475;188,03465;267,3509;2;0,4492034
733;000000125.jpg;170,85979;188,05359;210,68648;220,88866;2;0,4439273
734;000000125.jpg;129,73602;345,10144;166,89563;377,18542;2;0,44084677
735;000000125.jpg;154,53717;264,84637;186,99094;298,4545;2;0,44040063
736;000000125.jpg;107,87304;439,67566;137,06981;476,75058;2;0,43266177
737;000000125.jpg;178,13846;153,63359;211,44589;184,98474;2;0,4305573
738;000000125.jpg;171,27252;173,3305;205,41988;207,07689;2;0,42844895
739;000000125.jpg;116,61809;207,39474;150,9665;239,07315;2;0,428029
740;000000125.jpg;123,00304;354,24332;160,7295;387,14575;2;0,42451918
741;000000125.jpg;236,36168;205,53238;269,5283;237,54834;2;0,41439888
742;000000125.jpg;136,37003;300,39755;170,41129;328,76175;2;0,41264492
743;000001011.jpg;332,53116;239,47377;510,4557;386,69186;1;0,5583646
744;000001011.jpg;0,0;240,6774;306,20633;408,3414;1;0,46136656
745;000001039.jpg;117,787155;242,98668;309,59973;394,76804;1;0,6027644
746;000001039.jpg;112,74215;89,87553;295,66882;239,1839;1;0,53104097
747;000001039.jpg;336,47345;224,27213;511,36;369,4775;1;0,51844853
748;000001039.jpg;338,69293;368,81702;511,36;511,36;1;0,48875237
749;000001165.jpg;57,932407;366,26093;88,122955;396,64984;2;0,46756145
750;000001165.jpg;114,178825;408,83514;147,50714;436,6772;2;0,4457357
751;000001165.jpg;152,35558;368,99957;187,74312;398,86853;2;0,42822373
752;000000090.jpg;345,48743;218,0498;384,56262;259,61832;2;0,63159794
753;000000090.jpg;331,87875;285,34058;369,8877;319,07816;2;0,5082604
754;000000090.jpg;4,5756364;64,56314;42,50494;109,58559;2;0,48316902
755;000000090.jpg;282,05124;261,54825;315,33493;287,1071;2;0,45607358
756;000000090.jpg;233,62878;403,31155;268,20236;435,62485;2;0,44989508
757;000000090.jpg;456,20517;314,9468;498,41852;354,18027;2;0,42508507
758;000000090.jpg;371,84024;145,16693;409,62265;187,83075;2;0,42465523
759;000000090.jpg;291,37473;213,51295;324,41092;244,75385;2;0,42093986
760;000000721.jpg;19,066732;51,521896;372,07928;263,5738;1;0,43752143
761;000000053.jpg;337,93906;469,63864;370,5253;505,83984;2;0,4474123
762;000000053.jpg;174,6575;420,73477;205,32382;452,83868;2;0,43779945
763;000000053.jpg;414,15796;212,21489;451,8216;244,78096;2;0,42755556
764;000000053.jpg;315,06247;63,450462;351,7411;97,47038;2;0,41470903
765;000000053.jpg;54,889023;358,31058;88,40919;392,39606;2;0,40855545
766;000000709.jpg;127,35335;72,56394;282,90128;197,50772;1;0,44485962
767;000000709.jpg;255,7575;126,63518;385,06293;240,44554;1;0,41632462
768;000000872.jpg;164,66371;340,7104;372,6595;490,03506;1;0,6492559
769;000000872.jpg;157,43982;188,10626;358,73535;350,79782;1;0,63583994
770;000000872.jpg;140,51772;27,204079;359,47473;193,84303;1;0,5814094
771;000000872.jpg;369,2302;163,20642;511,36;324,62216;1;0,47951272
772;000000872.jpg;366,9729;328,1682;511,36;447,92206;1;0,40741366
773;000000872.jpg;0,0;359,89282;206,90483;497,9279;1;0,4022442
774;000000133.jpg;375,72736;107,86364;413,3466;143,99518;2;0,5473557
775;000000133.jpg;352,35828;170,8836;400,60165;209,18764;2;0,53595906
776;000000133.jpg;386,02676;17,864613;428,62704;49,899097;2;0,49911666
777;000000133.jpg;464,99423;81,50475;504,25452;117,45852;2;0,49600527
778;000000133.jpg;346,811;322,5214;386,60745;353,97086;2;0,48551714
779;000000133.jpg;380,27966;58,29644;421,88;91,98904;2;0,4793628
780;000000133.jpg;181,32037;10,252929;215,46095;45,128;2;0,46323523
781;000000133.jpg;313,87192;364,89066;348,15598;395,28418;2;0,46019047
782;000000133.jpg;379,78235;44,023026;427,74075;76,26996;2;0,44366562
783;000000133.jpg;332,76825;320,31702;372,52585;351,1561;2;0,44120884
784;000000133.jpg;380,43768;28,45977;429,09888;61,87919;2;0,433589
785;000000133.jpg;92,575485;38,77054;129,95108;75,78352;2;0,4206053
786;000000133.jpg;453,66458;145,65271;495,1988;183,21765;2;0,42022455
787;000000133.jpg;452,70972;195,17316;493,93796;228,29689;2;0,4164177
788;000001239.jpg;79,13465;163,81377;443,79614;349,90305;1;0,5245443
789;000001239.jpg;102,93186;322,7486;434,65558;506,96786;1;0,51736516
790;000001239.jpg;201,60504;171,80217;435,695;311,3484;1;0,40268594
791;000001577.jpg;419,54105;187,78075;453,26013;226,96498;2;0,4582746
792;000001577.jpg;193,75063;21,341394;226,01523;50,399384;2;0,45174125
793;000001577.jpg;447,64285;309,41855;484,52618;349,2229;2;0,4161527
794;000001006.jpg;137,44743;206,89774;351,18634;363,839;1;0,5742549
795;000001006.jpg;139,08119;368,22986;365,41187;511,36;1;0,5420882
796;000001006.jpg;352,8079;194,63925;511,36;346,3013;1;0,47591835
797;000001006.jpg;115,15795;18,31156;329,3991;189,34712;1;0,42295194
798;000001012.jpg;67,762;235,625;249,84572;387,8214;1;0,6670922
799;000001012.jpg;252,53497;63,37441;418,79282;220,11426;1;0,58458257
800;000001012.jpg;263,81784;211,26355;439,68726;352,5251;1;0,52839416
801;000001012.jpg;274,1943;368,24878;458,72992;511,36;1;0,47287163
802;000001012.jpg;47,108818;85,70328;231,99496;239,83064;1;0,4028933
803;000000278.jpg;462,69257;387,44247;503,21097;419,83383;2;0,6042054
804;000000278.jpg;17,11328;379,59204;68,95055;417,31848;2;0,4788745
805;000000278.jpg;286,07874;44,834145;318,9677;84,96794;2;0,47548378
806;000000278.jpg;340,99667;37,796837;372,13242;76,06251;2;0,46138173
807;000000278.jpg;477,78305;258,153;511,36;294,5697;2;0,44538465
808;000000278.jpg;89,4714;192,08661;126,51292;234,22299;2;0,434206
809;000000278.jpg;25,97052;96,55783;58,410152;135,96565;2;0,4108567
810;000000278.jpg;38,60292;36,76309;71,97832;75,449005;2;0,40593034
811;000000278.jpg;147,59337;47,438454;181,12189;80,495;2;0,40028077
812;000000708.jpg;0,0;379,9275;130,14677;500,845;1;0,4176647
813;000001370.jpg;44,819496;154,93399;86,05395;193,95406;2;0,43346184
814;000001370.jpg;52,353382;106,778046;87,972565;143,06038;2;0,41194728
815;000000091.jpg;89,086815;472,9489;126,39607;511,36;2;0,65236855
816;000000091.jpg;286,69498;430,02457;320,98618;470,265;2;0,52228475
817;000000091.jpg;35,848083;469,4335;67,15269;500,1085;2;0,47033983
818;000000091.jpg;228,06862;429,4477;263,43103;466,42203;2;0,43327272
819;000000091.jpg;318,66705;274,18558;360,70343;315,71594;2;0,4065717
820;000000724.jpg;316,5553;190,6141;511,36;423,5465;1;0,4761341
821;000000724.jpg;144,62436;228,3451;343,91464;440,14297;1;0,43396693
822;000000283.jpg;235,13881;211,83748;268,1509;247,13678;2;0,5861054
823;000000283.jpg;264,95224;111,77415;307,88782;149,95442;2;0,48678812
824;000000283.jpg;413,66125;399,98578;450,6991;437,61304;2;0,48282644
825;000000283.jpg;19,746014;70,6822;48,77019;105,362;2;0,46685758
826;000000283.jpg;178,02397;32,554134;210,04016;64,708694;2;0,4641859
827;000000283.jpg;429,5864;257,81415;466,8126;293,5506;2;0,4125699
828;000001189.jpg;468,59802;99,774796;510,32773;136,34549;2;0,51682395
829;000001189.jpg;45,961002;223,38419;82,851585;261,22687;2;0,5133671
830;000001189.jpg;96,52073;172,23424;132,61127;209,24323;2;0,49203405
831;000001189.jpg;43,97199;327,23398;83,56699;366,17694;2;0,46040654
832;000001189.jpg;178,24463;293,7293;214,75385;330,29895;2;0,46022198
833;000001189.jpg;396,85098;61,404907;435,86816;99,33798;2;0,44390374
834;000001016.jpg;240,26627;309,63947;416,14047;462,3759;1;0,5232482
835;000001016.jpg;220,28192;173,6991;405,08704;320,5495;1;0,4702055
836;000001016.jpg;216,4461;12,277495;388,3047;169,64354;1;0,45607203
837;000000308.jpg;205,95499;56,06542;246,60979;96,81143;2;0,46903715
838;000000308.jpg;381,90616;111,33809;421,51288;154,46196;2;0,4605815
839;000000308.jpg;30,728365;372,1521;61,68169;415,83832;2;0,45671964
840;000000308.jpg;11,799591;465,21722;51,64949;504,20297;2;0,4370026
841;000000308.jpg;362,42075;437,91913;409,31995;477,60654;2;0,4270294
842;000000308.jpg;100,64314;381,33548;143,84225;416,5314;2;0,4191423
843;000000863.jpg;320,01248;41,00764;468,6051;205,72878;1;0,43264714
844;000001566.jpg;169,84885;433,1899;202,76363;465,2705;2;0,46086252
845;000001566.jpg;178,74428;476,3202;217,28877;511,36;2;0,415126
846;000000122.jpg;423,3768;197,41623;462,93454;232,9322;2;0,65818924
847;000000122.jpg;212,7132;224,2483;250,88304;256,618;2;0,62495196
848;000000122.jpg;161,19418;436,257;196,98607;472,8962;2;0,62105936
849;000000122.jpg;448,61975;137,74876;478,91647;168,24553;2;0,6195986
850;000000122.jpg;423,84903;461,49835;456,37402;500,31122;2;0,6192009
851;000000122.jpg;235,95844;126,52191;272,867;164,5736;2;0,608556
852;000000122.jpg;374,73618;363,63513;413,32462;394,84586;2;0,6057495
853;000000122.jpg;398,02005;125,35966;428,92215;153,09425;2;0,57551086
854;000000122.jpg;230,05498;177,39761;262,84222;207,79176;2;0,5697455
855;000000122.jpg;188,18665;322,4434;225,34712;366,82538;2;0,55360216
856;000000122.jpg;382,08774;195,4887;412,13025;225,24823;2;0,54697126
857;000000122.jpg;380,25665;153,57417;413,59113;183,0376;2;0,5461971
858;000000122.jpg;444,5787;98,721886;479,91418;130,09995;2;0,5424926
859;000000122.jpg;452,66772;363,19052;485,42267;401,46396;2;0,5380405
860;000000122.jpg;94,47934;342,2623;132,95602;386,07965;2;0,53063315
861;000000122.jpg;367,05362;218,6232;398,45914;247,12686;2;0,52956563
862;000000122.jpg;429,29507;163,02805;460,89755;194,55342;2;0,50462663
863;000000122.jpg;441,5329;143,86397;472,9662;176,00395;2;0,4914801
864;000000122.jpg;373,8425;205,97551;406,47354;238,29268;2;0,48563972
865;000000122.jpg;355,5753;471,88184;387,61133;508,74915;2;0,4816344
866;000000122.jpg;364,92242;258,32224;399,94708;289,95932;2;0,47024113
867;000000122.jpg;397,42294;115,40169;429,57;143,87083;2;0,46763957
868;000000122.jpg;375,538;412,77313;404,09793;447,37866;2;0,46501344
869;000000122.jpg;88,509445;413,84882;123,0797;459,62155;2;0,4606591
870;000000122.jpg;169,54375;378,83664;205,00754;419,36215;2;0,4594147
871;000000122.jpg;362,69974;440,89163;394,22324;477,51074;2;0,459364
872;000000122.jpg;392,63226;134,26704;425,35495;164,46605;2;0,45697495
873;000000122.jpg;203,45374;271,4659;240,44238;307,32736;2;0,4552062
874;000000122.jpg;473,81058;299,36215;511,36;337,8475;2;0,45243979
875;000000122.jpg;393,04572;337,83655;427,71875;369,2139;2;0,44937634
876;000000122.jpg;378,10156;354,79727;417,45447;386,73996;2;0,44904637
877;000000122.jpg;343,9718;322,00357;377,26242;349,73148;2;0,43955022
878;000000122.jpg;398,09668;105,95662;429,24823;134,73764;2;0,43449447
879;000000122.jpg;385,50476;144,6307;419,80722;174,64613;2;0,4332814
880;000000122.jpg;433,85406;153,6354;466,5531;185,8192;2;0,4325447
881;000000122.jpg;398,58673;91,4;427,55255;120,394325;2;0,42820117
882;000000122.jpg;30,614424;423,9447;68,00376;457,24902;2;0,42669412
883;000000122.jpg;425,4612;180,81277;462,2273;217,66176;2;0,42651916
884;000000122.jpg;243,11647;85,06048;278,32986;117,42505;2;0,42558157
885;000000122.jpg;408,00223;265,30283;442,1256;297,85712;2;0,42077506
886;000000122.jpg;385,34567;345,47354;423,89676;377,0661;2;0,40307504
887;000000862.jpg;305,4344;130,07231;454,47833;298,76852;1;0,51094025
888;000000862.jpg;321,26013;297,1291;468,7535;461,12714;1;0,44528973
889;000000241.jpg;218,98961;460,88245;265,64825;500,3402;2;0,57843983
890;000000241.jpg;296,68616;288,92648;337,12244;332,7227;2;0,53098315
891;000000241.jpg;267,393;343,8114;309,57556;389,1996;2;0,51094466
892;000000241.jpg;336,21085;185,73555;375,02893;224,53455;2;0,48266736
893;000000241.jpg;198,5417;44,54978;235,56343;86,16426;2;0,46591014
894;000000241.jpg;248,10844;398,56653;295,01773;441,40527;2;0,46298447
895;000000241.jpg;312,00275;235,73505;355,30762;276,24872;2;0,4603029
896;000000241.jpg;106,91167;435,84012;153,26534;478,38535;2;0,442425
897;000000241.jpg;125,91855;110,04898;165,10909;154,44254;2;0,42698509
898;000000269.jpg;104,92267;330,58972;143,65868;367,09695;2;0,5067385
899;000000269.jpg;430,14743;473,38657;466,63882;511,25363;2;0,45625162
900;000000269.jpg;167,11337;366,48038;196,63867;398,2434;2;0,41010055
901;000000269.jpg;195,56558;483,3767;230,34404;511,36;2;0,40762192
902;000001605.jpg;259,57306;22,215857;291,13156;53,1268;2;0,41906798
903;000001605.jpg;321,68616;95,11943;359,05942;124,96379;2;0,41873685
904;000000057.jpg;83,255486;214,28674;113,829544;250,46027;2;0,5009626
905;000000057.jpg;75,65056;456,30743;100,86876;492,4575;2;0,50073516
906;000000057.jpg;138,7757;181,46333;168,55624;211,07368;2;0,4983716
907;000000057.jpg;129,91304;407,48117;159,64595;436,3559;2;0,49075672
908;000000057.jpg;101,36585;357,57452;127,560326;394,7448;2;0,4670558
909;000000057.jpg;197,29466;31,136032;225,24728;63,27699;2;0,43029487
910;000000725.jpg;75,98177;196,50797;313,16232;424,60138;1;0,5012512
911;000000094.jpg;30,594006;174,75015;62,719303;212,97461;2;0,56406754
912;000000094.jpg;353,60324;201,33524;386,7275;244,90819;2;0,48804393
913;000000094.jpg;53,305107;75,304436;86,07695;108,558975;2;0,40934542
914;000000094.jpg;363,62308;134,72267;396,8408;176,5448;2;0,40280488
915;000001363.jpg;124,85731;342,04163;156,3988;379,03864;2;0,49885428
916;000000055.jpg;14,699603;356,75473;47,257145;390,49878;2;0,5941074
917;000000055.jpg;337,9794;214,9167;369,94196;250,68297;2;0,5770782
918;000000055.jpg;384,40808;407,02893;414,22656;435,90714;2;0,562774
919;000000055.jpg;398,16327;179,93407;427,30353;209,32472;2;0,50328726
920;000000055.jpg;26,047634;279,95743;61,235348;319,3019;2;0,47894484
921;000000055.jpg;331,50125;457,19;357,63416;492,83737;2;0,4769535
922;000000055.jpg;459,1401;451,08453;487,2521;479,9563;2;0,43419537
923;000000055.jpg;356,7568;356,9414;384,78748;394,65488;2;0,43098852
924;000000055.jpg;382,35437;457,36417;416,6081;490,23984;2;0,42802316
925;000000055.jpg;220,94554;439,37;261,3141;482,1756;2;0,42282265
926;000000055.jpg;174,60033;164,47789;205,51353;196,6536;2;0,42003915
927;000000055.jpg;343,08264;408,25806;369,31204;443,5678;2;0,41921067
928;000000257.jpg;99,825905;318,28888;135,89622;351,10437;2;0,50670546
929;000000257.jpg;121,77476;230,81514;151,35971;265,05032;2;0,5043299
930;000000257.jpg;110,618805;277,52957;146,001;309,3132;2;0,5040728
931;000000257.jpg;65,631966;227,32664;103,5563;263,21368;2;0,4553825
932;000001001.jpg;131,11371;260,05283;315,13742;419,1858;1;0,44241112
933;000001001.jpg;232,04337;80,438324;387,8695;224,585;1;0,42043322
934;000001015.jpg;214,28236;331,4621;394,49814;492,6819;1;0,52454656
935;000001015.jpg;180,52483;30,993261;371,41458;201,81648;1;0,502509
936;000001015.jpg;17,252052;361,3076;204,24406;511,36;1;0,4675878
937;000001015.jpg;0,0;67,41114;163,676;219,02641;1;0,46370003
938;000001015.jpg;201,66473;193,51027;374,08453;340,80847;1;0,45941302
939;000001015.jpg;0,0;208,08392;190,36969;354,80902;1;0,4214737
940;000001015.jpg;391,2873;332,57013;490,8009;478,44592;1;0,4021445
941;000001029.jpg;281,30988;365,99634;426,29675;507,49203;1;0,44078493
942;000000860.jpg;222,93555;113,33231;439,49866;268,59787;1;0,6512004
943;000000860.jpg;98,250694;262,50925;462,10242;464,8913;1;0,6062285
944;000000860.jpg;64,9633;137,47731;216,31287;279,86716;1;0,5868755
945;000000860.jpg;86,512344;285,2909;296,8287;436,40002;1;0,41523886
946;000000860.jpg;51,810165;28,19266;198,51346;138,6913;1;0,40088427
947;000000848.jpg;50,92344;143,45534;223,14139;291,9251;1;0,6952883
948;000000848.jpg;60,114132;296,74286;240,40178;449,27164;1;0,57339054
949;000000848.jpg;253,5636;269,49374;491,4962;420,1313;1;0,51714844
950;000000848.jpg;249,99774;127,33262;425,7027;274,1938;1;0,49530497
951;000000848.jpg;227,10538;0,0;417,23895;122,55116;1;0,47557452
952;000000848.jpg;29,393671;0,0;218,63998;154,20135;1;0,46209115
953;000000121.jpg;58,813232;202,62054;94,56159;239,15445;2;0,6459147
954;000000121.jpg;416,91544;436,49084;452,17175;471,5914;2;0,61190164
955;000000121.jpg;50,6158;236,60959;86,1094;271,57172;2;0,58069026
956;000000121.jpg;444,71976;321,71222;481,18274;366,60095;2;0,56976366
957;000000121.jpg;350,41867;342,15656;388,5202;385,06573;2;0,54881626
958;000000121.jpg;467,87405;224,24399;505,82852;256,5924;2;0,52553505
959;000000121.jpg;70,809944;149,8609;110,96041;192,06378;2;0,52504563
960;000000121.jpg;458,84064;272,54343;495,3729;307,15216;2;0,51495427
961;000000121.jpg;55,832943;216,55984;91,64474;255,54797;2;0,5024272
962;000000121.jpg;36,48777;312,68542;70,60184;349,16458;2;0,4952593
963;000000121.jpg;239,37354;318,45502;269,6458;361,1818;2;0,4867593
964;000000121.jpg;155,314;153,59688;195,99387;191,90881;2;0,48532763
965;000000121.jpg;107,38561;0,0;140,38332;32,69736;2;0,4743049
966;000000121.jpg;425,77243;378,79822;461,87503;419,5045;2;0,4741656
967;000000121.jpg;85,74714;455,65265;127,52574;490,72363;2;0,4682398
968;000000121.jpg;81,83689;105,36333;125,31723;150,80841;2;0,46699253
969;000000121.jpg;17,795483;382,22046;54,687836;414,5686;2;0,46374083
970;000000121.jpg;112,74263;367,1046;149,97794;401,5378;2;0,45940426
971;000000121.jpg;7,939464;423,4569;42,38541;459,41797;2;0,45182452
972;000000121.jpg;90,79997;63,273834;130,19086;107,342384;2;0,44807804
973;000000121.jpg;382,9361;197,77592;430,91968;237,14034;2;0,43201882
974;000000121.jpg;345,36276;413,49014;380,3443;458,67728;2;0,43179113
975;000000121.jpg;29,670992;344,47745;63,293346;377,2714;2;0,41518468
976;000000108.jpg;123,62831;313,2706;154,78775;347,41556;2;0,5840417
977;000000108.jpg;123,671555;270,61108;155,69789;305,0493;2;0,55991685
978;000000108.jpg;336,28207;343,19788;370,56613;371,6754;2;0,52633303
979;000000108.jpg;329,97498;379,29547;366,2362;415,20175;2;0,52504075
980;000000108.jpg;25,437098;278,68594;55,599537;313,16217;2;0,4982314
981;000000108.jpg;196,16588;173,09702;231,28035;217,0595;2;0,44415578
982;000000108.jpg;136,48991;67,65132;171,83896;108,01347;2;0,41292337
983;000000108.jpg;198,15625;37,9615;231,98393;75,0248;2;0,40257066
984;000001028.jpg;231,76222;374,5238;442,29886;511,36;1;0,5151721
985;000001028.jpg;54,30969;288,1112;196,62373;394,62665;1;0,4406098
986;000001028.jpg;63,396683;396,70386;209,1133;511,36;1;0,41393006
987;000001028.jpg;279,66635;170,88702;440,60614;375,50812;1;0,4014985
988;000001014.jpg;102,51281;271,68585;278,82175;421,36746;1;0,67163664
989;000001014.jpg;284,05518;102,49865;460,89722;255,16495;1;0,6152752
990;000001014.jpg;81,03342;128,66214;248,52742;278,77216;1;0,5286975
991;000001014.jpg;287,47772;248,06113;458,14456;392,121;1;0,51615167
992;000000487.jpg;158,84967;164,26234;303,59106;296,96204;1;0,40765256
993;000001612.jpg;254,94313;328,41718;294,7126;371,34637;2;0,48798436
994;000001612.jpg;198,90277;191,50522;236,6481;226,4274;2;0,4274274
995;000000054.jpg;145,54024;39,88307;173,79097;73,7257;2;0,6266192
996;000000054.jpg;270,95062;357,7231;302,7414;389,95056;2;0,6095294
997;000000054.jpg;178,54292;95,527824;208,50117;126,41574;2;0,5743417
998;000000054.jpg;431,10632;164,56789;459,53827;197,74568;2;0,42827523
999;000000054.jpg;224,37961;42,488155;260,3894;80,756966;2;0,41700077
1000;000000097.jpg;451,88556;294,16046;484,88635;328,9491;2;0,46475035
1001;000000097.jpg;452,85614;428,68866;488,16254;472,07922;2;0,42385635
